"districtId";"districtName";"stateId";"stateName"
1;"Anantapur";"1";"Andhra Pradesh"
2;"Chittoor";"1";"Andhra Pradesh"
3;"East Godavari";"1";"Andhra Pradesh"
4;"Guntur";"1";"Andhra Pradesh"
5;"Krishna";"1";"Andhra Pradesh"
6;"Kurnool";"1";"Andhra Pradesh"
7;"Nellore";"1";"Andhra Pradesh"
8;"Prakasam";"1";"Andhra Pradesh"
9;"Srikakulam";"1";"Andhra Pradesh"
10;"Visakhapatnam";"1";"Andhra Pradesh"
11;"Vizianagaram";"1";"Andhra Pradesh"
12;"West Godavari";"1";"Andhra Pradesh"
13;"YSR Kadapa";"1";"Andhra Pradesh"
14;"Tawang";"2";"Arunachal Pradesh"
15;"West Kameng";"2";"Arunachal Pradesh"
16;"East Kameng";"2";"Arunachal Pradesh"
17;"Papum Pare";"2";"Arunachal Pradesh"
18;"Kurung Kumey";"2";"Arunachal Pradesh"
19;"Kra Daadi";"2";"Arunachal Pradesh"
20;"Lower Subansiri";"2";"Arunachal Pradesh"
21;"Upper Subansiri";"2";"Arunachal Pradesh"
22;"West Siang";"2";"Arunachal Pradesh"
23;"East Siang";"2";"Arunachal Pradesh"
24;"Siang";"2";"Arunachal Pradesh"
25;"Upper Siang";"2";"Arunachal Pradesh"
26;"Lower Siang";"2";"Arunachal Pradesh"
27;"Lower Dibang Valley";"2";"Arunachal Pradesh"
28;"Dibang Valley";"2";"Arunachal Pradesh"
29;"Anjaw";"2";"Arunachal Pradesh"
30;"Lohit";"2";"Arunachal Pradesh"
31;"Namsai";"2";"Arunachal Pradesh"
32;"Changlang";"2";"Arunachal Pradesh"
33;"Tirap";"2";"Arunachal Pradesh"
34;"Longding";"2";"Arunachal Pradesh"
35;"Baksa";"3";"Assam"
36;"Barpeta";"3";"Assam"
37;"Biswanath";"3";"Assam"
38;"Bongaigaon";"3";"Assam"
39;"Cachar";"3";"Assam"
40;"Charaideo";"3";"Assam"
41;"Chirang";"3";"Assam"
42;"Darrang";"3";"Assam"
43;"Dhemaji";"3";"Assam"
44;"Dhubri";"3";"Assam"
45;"Dibrugarh";"3";"Assam"
46;"Goalpara";"3";"Assam"
47;"Golaghat";"3";"Assam"
48;"Hailakandi";"3";"Assam"
49;"Hojai";"3";"Assam"
50;"Jorhat";"3";"Assam"
51;"Kamrup Metropolitan";"3";"Assam"
52;"Kamrup";"3";"Assam"
53;"Karbi Anglong";"3";"Assam"
54;"Karimganj";"3";"Assam"
55;"Kokrajhar";"3";"Assam"
56;"Lakhimpur";"3";"Assam"
57;"Majuli";"3";"Assam"
58;"Morigaon";"3";"Assam"
59;"Nagaon";"3";"Assam"
60;"Nalbari";"3";"Assam"
61;"Dima Hasao";"3";"Assam"
62;"Sivasagar";"3";"Assam"
63;"Sonitpur";"3";"Assam"
64;"South Salmara-Mankachar";"3";"Assam"
65;"Tinsukia";"3";"Assam"
66;"Udalguri";"3";"Assam"
67;"West Karbi Anglong";"3";"Assam"
68;"Araria";"4";"Bihar"
69;"Arwal";"4";"Bihar"
70;"Aurangabad";"4";"Bihar"
71;"Banka";"4";"Bihar"
72;"Begusarai";"4";"Bihar"
73;"Bhagalpur";"4";"Bihar"
74;"Bhojpur";"4";"Bihar"
75;"Buxar";"4";"Bihar"
76;"Darbhanga";"4";"Bihar"
77;"East Champaran (Motihari)";"4";"Bihar"
78;"Gaya";"4";"Bihar"
79;"Gopalganj";"4";"Bihar"
80;"Jamui";"4";"Bihar"
81;"Jehanabad";"4";"Bihar"
82;"Kaimur (Bhabua)";"4";"Bihar"
83;"Katihar";"4";"Bihar"
84;"Khagaria";"4";"Bihar"
85;"Kishanganj";"4";"Bihar"
86;"Lakhisarai";"4";"Bihar"
87;"Madhepura";"4";"Bihar"
88;"Madhubani";"4";"Bihar"
89;"Munger (Monghyr)";"4";"Bihar"
90;"Muzaffarpur";"4";"Bihar"
91;"Nalanda";"4";"Bihar"
92;"Nawada";"4";"Bihar"
93;"Patna";"4";"Bihar"
94;"Purnia (Purnea)";"4";"Bihar"
95;"Rohtas";"4";"Bihar"
96;"Saharsa";"4";"Bihar"
97;"Samastipur";"4";"Bihar"
98;"Saran";"4";"Bihar"
99;"Sheikhpura";"4";"Bihar"
100;"Sheohar";"4";"Bihar"
101;"Sitamarhi";"4";"Bihar"
102;"Siwan";"4";"Bihar"
103;"Supaul";"4";"Bihar"
104;"Vaishali";"4";"Bihar"
105;"West Champaran";"4";"Bihar"
106;"Chandigarh";"5";"Chandigarh (UT)"
107;"Balod";"6";"Chhattisgarh"
108;"Baloda Bazar";"6";"Chhattisgarh"
109;"Balrampur";"6";"Chhattisgarh"
110;"Bastar";"6";"Chhattisgarh"
111;"Bemetara";"6";"Chhattisgarh"
112;"Bijapur";"6";"Chhattisgarh"
113;"Bilaspur";"6";"Chhattisgarh"
114;"Dantewada (South Bastar)";"6";"Chhattisgarh"
115;"Dhamtari";"6";"Chhattisgarh"
116;"Durg";"6";"Chhattisgarh"
117;"Gariyaband";"6";"Chhattisgarh"
118;"Janjgir-Champa";"6";"Chhattisgarh"
119;"Jashpur";"6";"Chhattisgarh"
120;"Kabirdham (Kawardha)";"6";"Chhattisgarh"
121;"Kanker (North Bastar)";"6";"Chhattisgarh"
122;"Kondagaon";"6";"Chhattisgarh"
123;"Korba";"6";"Chhattisgarh"
124;"Korea (Koriya)";"6";"Chhattisgarh"
125;"Mahasamund";"6";"Chhattisgarh"
126;"Mungeli";"6";"Chhattisgarh"
127;"Narayanpur";"6";"Chhattisgarh"
128;"Raigarh";"6";"Chhattisgarh"
129;"Raipur";"6";"Chhattisgarh"
130;"Rajnandgaon";"6";"Chhattisgarh"
131;"Sukma";"6";"Chhattisgarh"
132;"Surajpur  ";"6";"Chhattisgarh"
133;"Surguja";"6";"Chhattisgarh"
134;"Dadra & Nagar Haveli";"7";"Dadra and Nagar Haveli (UT)"
135;"Daman";"8";"Daman and Diu (UT)"
136;"Diu";"8";"Daman and Diu (UT)"
137;"Central Delhi";"9";"Delhi (NCT)"
138;"East Delhi";"9";"Delhi (NCT)"
139;"New Delhi";"9";"Delhi (NCT)"
140;"North Delhi";"9";"Delhi (NCT)"
141;"North East  Delhi";"9";"Delhi (NCT)"
142;"North West  Delhi";"9";"Delhi (NCT)"
143;"Shahdara";"9";"Delhi (NCT)"
144;"South Delhi";"9";"Delhi (NCT)"
145;"South East Delhi";"9";"Delhi (NCT)"
146;"South West  Delhi";"9";"Delhi (NCT)"
147;"West Delhi";"9";"Delhi (NCT)"
148;"North Goa";"10";"Goa"
149;"South Goa";"10";"Goa"
150;"Ahmedabad";"11";"Gujarat"
151;"Amreli";"11";"Gujarat"
152;"Anand";"11";"Gujarat"
153;"Aravalli";"11";"Gujarat"
154;"Banaskantha (Palanpur)";"11";"Gujarat"
155;"Bharuch";"11";"Gujarat"
156;"Bhavnagar";"11";"Gujarat"
157;"Botad";"11";"Gujarat"
158;"Chhota Udepur";"11";"Gujarat"
159;"Dahod";"11";"Gujarat"
160;"Dangs (Ahwa)";"11";"Gujarat"
161;"Devbhoomi Dwarka";"11";"Gujarat"
162;"Gandhinagar";"11";"Gujarat"
163;"Gir Somnath";"11";"Gujarat"
164;"Jamnagar";"11";"Gujarat"
165;"Junagadh";"11";"Gujarat"
166;"Kachchh";"11";"Gujarat"
167;"Kheda (Nadiad)";"11";"Gujarat"
168;"Mahisagar";"11";"Gujarat"
169;"Mehsana";"11";"Gujarat"
170;"Morbi";"11";"Gujarat"
171;"Narmada (Rajpipla)";"11";"Gujarat"
172;"Navsari";"11";"Gujarat"
173;"Panchmahal (Godhra)";"11";"Gujarat"
174;"Patan";"11";"Gujarat"
175;"Porbandar";"11";"Gujarat"
176;"Rajkot";"11";"Gujarat"
177;"Sabarkantha (Himmatnagar)";"11";"Gujarat"
178;"Surat";"11";"Gujarat"
179;"Surendranagar";"11";"Gujarat"
180;"Tapi (Vyara)";"11";"Gujarat"
181;"Vadodara";"11";"Gujarat"
182;"Valsad";"11";"Gujarat"
183;"Ambala";"12";"Haryana"
184;"Bhiwani";"12";"Haryana"
185;"Charkhi Dadri";"12";"Haryana"
186;"Faridabad";"12";"Haryana"
187;"Fatehabad";"12";"Haryana"
188;"Gurgaon";"12";"Haryana"
189;"Hisar";"12";"Haryana"
190;"Jhajjar";"12";"Haryana"
191;"Jind";"12";"Haryana"
192;"Kaithal";"12";"Haryana"
193;"Karnal";"12";"Haryana"
194;"Kurukshetra";"12";"Haryana"
195;"Mahendragarh";"12";"Haryana"
196;"Mewat";"12";"Haryana"
197;"Palwal";"12";"Haryana"
198;"Panchkula";"12";"Haryana"
199;"Panipat";"12";"Haryana"
200;"Rewari";"12";"Haryana"
201;"Rohtak";"12";"Haryana"
202;"Sirsa";"12";"Haryana"
203;"Sonipat";"12";"Haryana"
204;"Yamunanagar";"12";"Haryana"
205;"Bilaspur";"13";"Himachal Pradesh"
206;"Chamba";"13";"Himachal Pradesh"
207;"Hamirpur";"13";"Himachal Pradesh"
208;"Kangra";"13";"Himachal Pradesh"
209;"Kinnaur";"13";"Himachal Pradesh"
210;"Kullu";"13";"Himachal Pradesh"
211;"Lahaul &amp; Spiti";"13";"Himachal Pradesh"
212;"Mandi";"13";"Himachal Pradesh"
213;"Shimla";"13";"Himachal Pradesh"
214;"Sirmaur (Sirmour)";"13";"Himachal Pradesh"
215;"Solan";"13";"Himachal Pradesh"
216;"Una";"13";"Himachal Pradesh"
217;"Anantnag";"14";"Jammu and Kashmir"
218;"Bandipore";"14";"Jammu and Kashmir"
219;"Baramulla";"14";"Jammu and Kashmir"
220;"Budgam";"14";"Jammu and Kashmir"
221;"Doda";"14";"Jammu and Kashmir"
222;"Ganderbal";"14";"Jammu and Kashmir"
223;"Jammu";"14";"Jammu and Kashmir"
224;"Kargil";"14";"Jammu and Kashmir"
225;"Kathua";"14";"Jammu and Kashmir"
226;"Kishtwar";"14";"Jammu and Kashmir"
227;"Kulgam";"14";"Jammu and Kashmir"
228;"Kupwara";"14";"Jammu and Kashmir"
229;"Leh";"14";"Jammu and Kashmir"
230;"Poonch";"14";"Jammu and Kashmir"
231;"Pulwama";"14";"Jammu and Kashmir"
232;"Rajouri";"14";"Jammu and Kashmir"
233;"Ramban";"14";"Jammu and Kashmir"
234;"Reasi";"14";"Jammu and Kashmir"
235;"Samba";"14";"Jammu and Kashmir"
236;"Shopian";"14";"Jammu and Kashmir"
237;"Srinagar";"14";"Jammu and Kashmir"
238;"Udhampur";"14";"Jammu and Kashmir"
239;"Bokaro";"15";"Jharkhand"
240;"Chatra";"15";"Jharkhand"
241;"Deoghar";"15";"Jharkhand"
242;"Dhanbad";"15";"Jharkhand"
243;"Dumka";"15";"Jharkhand"
244;"East Singhbhum";"15";"Jharkhand"
245;"Garhwa";"15";"Jharkhand"
246;"Giridih";"15";"Jharkhand"
247;"Godda";"15";"Jharkhand"
248;"Gumla";"15";"Jharkhand"
249;"Hazaribag";"15";"Jharkhand"
250;"Jamtara";"15";"Jharkhand"
251;"Khunti";"15";"Jharkhand"
252;"Koderma";"15";"Jharkhand"
253;"Latehar";"15";"Jharkhand"
254;"Lohardaga";"15";"Jharkhand"
255;"Pakur";"15";"Jharkhand"
256;"Palamu";"15";"Jharkhand"
257;"Ramgarh";"15";"Jharkhand"
258;"Ranchi";"15";"Jharkhand"
259;"Sahibganj";"15";"Jharkhand"
260;"Seraikela-Kharsawan";"15";"Jharkhand"
261;"Simdega";"15";"Jharkhand"
262;"West Singhbhum";"15";"Jharkhand"
263;"Bagalkot";"16";"Karnataka"
264;"Ballari (Bellary)";"16";"Karnataka"
265;"Belagavi (Belgaum)";"16";"Karnataka"
266;"Bengaluru (Bangalore) Rural";"16";"Karnataka"
267;"Bengaluru (Bangalore) Urban";"16";"Karnataka"
268;"Bidar";"16";"Karnataka"
269;"Chamarajanagar";"16";"Karnataka"
270;"Chikballapur";"16";"Karnataka"
271;"Chikkamagaluru (Chikmagalur)";"16";"Karnataka"
272;"Chitradurga";"16";"Karnataka"
273;"Dakshina Kannada";"16";"Karnataka"
274;"Davangere";"16";"Karnataka"
275;"Dharwad";"16";"Karnataka"
276;"Gadag";"16";"Karnataka"
277;"Hassan";"16";"Karnataka"
278;"Haveri";"16";"Karnataka"
279;"Kalaburagi (Gulbarga)";"16";"Karnataka"
280;"Kodagu";"16";"Karnataka"
281;"Kolar";"16";"Karnataka"
282;"Koppal";"16";"Karnataka"
283;"Mandya";"16";"Karnataka"
284;"Mysuru (Mysore)";"16";"Karnataka"
285;"Raichur";"16";"Karnataka"
286;"Ramanagara";"16";"Karnataka"
287;"Shivamogga (Shimoga)";"16";"Karnataka"
288;"Tumakuru (Tumkur)";"16";"Karnataka"
289;"Udupi";"16";"Karnataka"
290;"Uttara Kannada (Karwar)";"16";"Karnataka"
291;"Vijayapura (Bijapur)";"16";"Karnataka"
292;"Yadgir";"16";"Karnataka"
293;"Alappuzha";"17";"Kerala"
294;"Ernakulam";"17";"Kerala"
295;"Idukki";"17";"Kerala"
296;"Kannur";"17";"Kerala"
297;"Kasaragod";"17";"Kerala"
298;"Kollam";"17";"Kerala"
299;"Kottayam";"17";"Kerala"
300;"Kozhikode";"17";"Kerala"
301;"Malappuram";"17";"Kerala"
302;"Palakkad";"17";"Kerala"
303;"Pathanamthitta";"17";"Kerala"
304;"Thiruvananthapuram";"17";"Kerala"
305;"Thrissur";"17";"Kerala"
306;"Wayanad";"17";"Kerala"
307;"Agatti";"18";"Lakshadweep (UT)"
308;"Amini";"18";"Lakshadweep (UT)"
309;"Androth";"18";"Lakshadweep (UT)"
310;"Bithra";"18";"Lakshadweep (UT)"
311;"Chethlath";"18";"Lakshadweep (UT)"
312;"Kavaratti";"18";"Lakshadweep (UT)"
313;"Kadmath";"18";"Lakshadweep (UT)"
314;"Kalpeni";"18";"Lakshadweep (UT)"
315;"Kilthan";"18";"Lakshadweep (UT)"
316;"Minicoy";"18";"Lakshadweep (UT)"
317;"Agar Malwa";"19";"Madhya Pradesh"
318;"Alirajpur";"19";"Madhya Pradesh"
319;"Anuppur";"19";"Madhya Pradesh"
320;"Ashoknagar";"19";"Madhya Pradesh"
321;"Balaghat";"19";"Madhya Pradesh"
322;"Barwani";"19";"Madhya Pradesh"
323;"Betul";"19";"Madhya Pradesh"
324;"Bhind";"19";"Madhya Pradesh"
325;"Bhopal";"19";"Madhya Pradesh"
326;"Burhanpur";"19";"Madhya Pradesh"
327;"Chhatarpur";"19";"Madhya Pradesh"
328;"Chhindwara";"19";"Madhya Pradesh"
329;"Damoh";"19";"Madhya Pradesh"
330;"Datia";"19";"Madhya Pradesh"
331;"Dewas";"19";"Madhya Pradesh"
332;"Dhar";"19";"Madhya Pradesh"
333;"Dindori";"19";"Madhya Pradesh"
334;"Guna";"19";"Madhya Pradesh"
335;"Gwalior";"19";"Madhya Pradesh"
336;"Harda";"19";"Madhya Pradesh"
337;"Hoshangabad";"19";"Madhya Pradesh"
338;"Indore";"19";"Madhya Pradesh"
339;"Jabalpur";"19";"Madhya Pradesh"
340;"Jhabua";"19";"Madhya Pradesh"
341;"Katni";"19";"Madhya Pradesh"
342;"Khandwa";"19";"Madhya Pradesh"
343;"Khargone";"19";"Madhya Pradesh"
344;"Mandla";"19";"Madhya Pradesh"
345;"Mandsaur";"19";"Madhya Pradesh"
346;"Morena";"19";"Madhya Pradesh"
347;"Narsinghpur";"19";"Madhya Pradesh"
348;"Neemuch";"19";"Madhya Pradesh"
349;"Panna";"19";"Madhya Pradesh"
350;"Raisen";"19";"Madhya Pradesh"
351;"Rajgarh";"19";"Madhya Pradesh"
352;"Ratlam";"19";"Madhya Pradesh"
353;"Rewa";"19";"Madhya Pradesh"
354;"Sagar";"19";"Madhya Pradesh"
355;"Satna";"19";"Madhya Pradesh"
356;"Sehore";"19";"Madhya Pradesh"
357;"Seoni";"19";"Madhya Pradesh"
358;"Shahdol";"19";"Madhya Pradesh"
359;"Shajapur";"19";"Madhya Pradesh"
360;"Sheopur";"19";"Madhya Pradesh"
361;"Shivpuri";"19";"Madhya Pradesh"
362;"Sidhi";"19";"Madhya Pradesh"
363;"Singrauli";"19";"Madhya Pradesh"
364;"Tikamgarh";"19";"Madhya Pradesh"
365;"Ujjain";"19";"Madhya Pradesh"
366;"Umaria";"19";"Madhya Pradesh"
367;"Vidisha";"19";"Madhya Pradesh"
368;"Ahmednagar";"20";"Maharashtra"
369;"Akola";"20";"Maharashtra"
370;"Amravati";"20";"Maharashtra"
371;"Aurangabad";"20";"Maharashtra"
372;"Beed";"20";"Maharashtra"
373;"Bhandara";"20";"Maharashtra"
374;"Buldhana";"20";"Maharashtra"
375;"Chandrapur";"20";"Maharashtra"
376;"Dhule";"20";"Maharashtra"
377;"Gadchiroli";"20";"Maharashtra"
378;"Gondia";"20";"Maharashtra"
379;"Hingoli";"20";"Maharashtra"
380;"Jalgaon";"20";"Maharashtra"
381;"Jalna";"20";"Maharashtra"
382;"Kolhapur";"20";"Maharashtra"
383;"Latur";"20";"Maharashtra"
384;"Mumbai City";"20";"Maharashtra"
385;"Mumbai Suburban";"20";"Maharashtra"
386;"Nagpur";"20";"Maharashtra"
387;"Nanded";"20";"Maharashtra"
388;"Nandurbar";"20";"Maharashtra"
389;"Nashik";"20";"Maharashtra"
390;"Osmanabad";"20";"Maharashtra"
391;"Palghar";"20";"Maharashtra"
392;"Parbhani";"20";"Maharashtra"
393;"Pune";"20";"Maharashtra"
394;"Raigad";"20";"Maharashtra"
395;"Ratnagiri";"20";"Maharashtra"
396;"Sangli";"20";"Maharashtra"
397;"Satara";"20";"Maharashtra"
398;"Sindhudurg";"20";"Maharashtra"
399;"Solapur";"20";"Maharashtra"
400;"Thane";"20";"Maharashtra"
401;"Wardha";"20";"Maharashtra"
402;"Washim";"20";"Maharashtra"
403;"Yavatmal";"20";"Maharashtra"
404;"Bishnupur";"21";"Manipur"
405;"Chandel";"21";"Manipur"
406;"Churachandpur";"21";"Manipur"
407;"Imphal East";"21";"Manipur"
408;"Imphal West";"21";"Manipur"
409;"Jiribam";"21";"Manipur"
410;"Kakching";"21";"Manipur"
411;"Kamjong";"21";"Manipur"
412;"Kangpokpi";"21";"Manipur"
413;"Noney";"21";"Manipur"
414;"Pherzawl";"21";"Manipur"
415;"Senapati";"21";"Manipur"
416;"Tamenglong";"21";"Manipur"
417;"Tengnoupal";"21";"Manipur"
418;"Thoubal";"21";"Manipur"
419;"Ukhrul";"21";"Manipur"
420;"East Garo Hills";"22";"Meghalaya"
421;"East Jaintia Hills";"22";"Meghalaya"
422;"East Khasi Hills";"22";"Meghalaya"
423;"North Garo Hills";"22";"Meghalaya"
424;"Ri Bhoi";"22";"Meghalaya"
425;"South Garo Hills";"22";"Meghalaya"
426;"South West Garo Hills ";"22";"Meghalaya"
427;"South West Khasi Hills";"22";"Meghalaya"
428;"West Garo Hills";"22";"Meghalaya"
429;"West Jaintia Hills";"22";"Meghalaya"
430;"West Khasi Hills";"22";"Meghalaya"
431;"Aizawl";"23";"Mizoram"
432;"Champhai";"23";"Mizoram"
433;"Kolasib";"23";"Mizoram"
434;"Lawngtlai";"23";"Mizoram"
435;"Lunglei";"23";"Mizoram"
436;"Mamit";"23";"Mizoram"
437;"Saiha";"23";"Mizoram"
438;"Serchhip";"23";"Mizoram"
439;"Dimapur";"24";"Nagaland"
440;"Kiphire";"24";"Nagaland"
441;"Kohima";"24";"Nagaland"
442;"Longleng";"24";"Nagaland"
443;"Mokokchung";"24";"Nagaland"
444;"Mon";"24";"Nagaland"
445;"Peren";"24";"Nagaland"
446;"Phek";"24";"Nagaland"
447;"Tuensang";"24";"Nagaland"
448;"Wokha";"24";"Nagaland"
449;"Zunheboto";"24";"Nagaland"
450;"Angul";"25";"Odisha"
451;"Balangir";"25";"Odisha"
452;"Balasore";"25";"Odisha"
453;"Bargarh";"25";"Odisha"
454;"Bhadrak";"25";"Odisha"
455;"Boudh";"25";"Odisha"
456;"Cuttack";"25";"Odisha"
457;"Deogarh";"25";"Odisha"
458;"Dhenkanal";"25";"Odisha"
459;"Gajapati";"25";"Odisha"
460;"Ganjam";"25";"Odisha"
461;"Jagatsinghapur";"25";"Odisha"
462;"Jajpur";"25";"Odisha"
463;"Jharsuguda";"25";"Odisha"
464;"Kalahandi";"25";"Odisha"
465;"Kandhamal";"25";"Odisha"
466;"Kendrapara";"25";"Odisha"
467;"Kendujhar (Keonjhar)";"25";"Odisha"
468;"Khordha";"25";"Odisha"
469;"Koraput";"25";"Odisha"
470;"Malkangiri";"25";"Odisha"
471;"Mayurbhanj";"25";"Odisha"
472;"Nabarangpur";"25";"Odisha"
473;"Nayagarh";"25";"Odisha"
474;"Nuapada";"25";"Odisha"
475;"Puri";"25";"Odisha"
476;"Rayagada";"25";"Odisha"
477;"Sambalpur";"25";"Odisha"
478;"Sonepur";"25";"Odisha"
479;"Sundargarh";"25";"Odisha"
480;"Karaikal";"26";"Puducherry (UT)"
481;"Mahe";"26";"Puducherry (UT)"
482;"Pondicherry";"26";"Puducherry (UT)"
483;"Yanam";"26";"Puducherry (UT)"
484;"Amritsar";"27";"Punjab"
485;"Barnala";"27";"Punjab"
486;"Bathinda";"27";"Punjab"
487;"Faridkot";"27";"Punjab"
488;"Fatehgarh Sahib";"27";"Punjab"
489;"Fazilka";"27";"Punjab"
490;"Ferozepur";"27";"Punjab"
491;"Gurdaspur";"27";"Punjab"
492;"Hoshiarpur";"27";"Punjab"
493;"Jalandhar";"27";"Punjab"
494;"Kapurthala";"27";"Punjab"
495;"Ludhiana";"27";"Punjab"
496;"Mansa";"27";"Punjab"
497;"Moga";"27";"Punjab"
498;"Muktsar";"27";"Punjab"
499;"Nawanshahr (Shahid Bhagat Singh Nagar)";"27";"Punjab"
500;"Pathankot";"27";"Punjab"
501;"Patiala";"27";"Punjab"
502;"Rupnagar";"27";"Punjab"
503;"Sahibzada Ajit Singh Nagar (Mohali)";"27";"Punjab"
504;"Sangrur";"27";"Punjab"
505;"Tarn Taran";"27";"Punjab"
506;"Ajmer";"28";"Rajasthan"
507;"Alwar";"28";"Rajasthan"
508;"Banswara";"28";"Rajasthan"
509;"Baran";"28";"Rajasthan"
510;"Barmer";"28";"Rajasthan"
511;"Bharatpur";"28";"Rajasthan"
512;"Bhilwara";"28";"Rajasthan"
513;"Bikaner";"28";"Rajasthan"
514;"Bundi";"28";"Rajasthan"
515;"Chittorgarh";"28";"Rajasthan"
516;"Churu";"28";"Rajasthan"
517;"Dausa";"28";"Rajasthan"
518;"Dholpur";"28";"Rajasthan"
519;"Dungarpur";"28";"Rajasthan"
520;"Hanumangarh";"28";"Rajasthan"
521;"Jaipur";"28";"Rajasthan"
522;"Jaisalmer";"28";"Rajasthan"
523;"Jalore";"28";"Rajasthan"
524;"Jhalawar";"28";"Rajasthan"
525;"Jhunjhunu";"28";"Rajasthan"
526;"Jodhpur";"28";"Rajasthan"
527;"Karauli";"28";"Rajasthan"
528;"Kota";"28";"Rajasthan"
529;"Nagaur";"28";"Rajasthan"
530;"Pali";"28";"Rajasthan"
531;"Pratapgarh";"28";"Rajasthan"
532;"Rajsamand";"28";"Rajasthan"
533;"Sawai Madhopur";"28";"Rajasthan"
534;"Sikar";"28";"Rajasthan"
535;"Sirohi";"28";"Rajasthan"
536;"Sri Ganganagar";"28";"Rajasthan"
537;"Tonk";"28";"Rajasthan"
538;"Udaipur";"28";"Rajasthan"
539;"East Sikkim";"29";"Sikkim"
540;"North Sikkim";"29";"Sikkim"
541;"South Sikkim";"29";"Sikkim"
542;"West Sikkim";"29";"Sikkim"
543;"Ariyalur";"30";"Tamil Nadu"
544;"Chennai";"30";"Tamil Nadu"
545;"Coimbatore";"30";"Tamil Nadu"
546;"Cuddalore";"30";"Tamil Nadu"
547;"Dharmapuri";"30";"Tamil Nadu"
548;"Dindigul";"30";"Tamil Nadu"
549;"Erode";"30";"Tamil Nadu"
550;"Kanchipuram";"30";"Tamil Nadu"
551;"Kanyakumari";"30";"Tamil Nadu"
552;"Karur";"30";"Tamil Nadu"
553;"Krishnagiri";"30";"Tamil Nadu"
554;"Madurai";"30";"Tamil Nadu"
555;"Nagapattinam";"30";"Tamil Nadu"
556;"Namakkal";"30";"Tamil Nadu"
557;"Nilgiris";"30";"Tamil Nadu"
558;"Perambalur";"30";"Tamil Nadu"
559;"Pudukkottai";"30";"Tamil Nadu"
560;"Ramanathapuram";"30";"Tamil Nadu"
561;"Salem";"30";"Tamil Nadu"
562;"Sivaganga";"30";"Tamil Nadu"
563;"Thanjavur";"30";"Tamil Nadu"
564;"Theni";"30";"Tamil Nadu"
565;"Thoothukudi (Tuticorin)";"30";"Tamil Nadu"
566;"Tiruchirappalli";"30";"Tamil Nadu"
567;"Tirunelveli";"30";"Tamil Nadu"
568;"Tiruppur";"30";"Tamil Nadu"
569;"Tiruvallur";"30";"Tamil Nadu"
570;"Tiruvannamalai";"30";"Tamil Nadu"
571;"Tiruvarur";"30";"Tamil Nadu"
572;"Vellore";"30";"Tamil Nadu"
573;"Viluppuram";"30";"Tamil Nadu"
574;"Virudhunagar";"30";"Tamil Nadu"
575;"Adilabad";"31";"Telangana"
576;"Bhadradri Kothagudem";"31";"Telangana"
577;"Hyderabad";"31";"Telangana"
578;"Jagtial";"31";"Telangana"
579;"Jangaon";"31";"Telangana"
580;"Jayashankar Bhoopalpally";"31";"Telangana"
581;"Jogulamba Gadwal";"31";"Telangana"
582;"Kamareddy";"31";"Telangana"
583;"Karimnagar";"31";"Telangana"
584;"Khammam";"31";"Telangana"
585;"Komaram Bheem Asifabad";"31";"Telangana"
586;"Mahabubabad";"31";"Telangana"
587;"Mahabubnagar";"31";"Telangana"
588;"Mancherial";"31";"Telangana"
589;"Medak";"31";"Telangana"
590;"Medchal";"31";"Telangana"
591;"Nagarkurnool";"31";"Telangana"
592;"Nalgonda";"31";"Telangana"
593;"Nirmal";"31";"Telangana"
594;"Nizamabad";"31";"Telangana"
595;"Peddapalli";"31";"Telangana"
596;"Rajanna Sircilla";"31";"Telangana"
597;"Rangareddy";"31";"Telangana"
598;"Sangareddy";"31";"Telangana"
599;"Siddipet";"31";"Telangana"
600;"Suryapet";"31";"Telangana"
601;"Vikarabad";"31";"Telangana"
602;"Wanaparthy";"31";"Telangana"
603;"Warangal (Rural)";"31";"Telangana"
604;"Warangal (Urban)";"31";"Telangana"
605;"Yadadri Bhuvanagiri";"31";"Telangana"
606;"Dhalai";"32";"Tripura"
607;"Gomati";"32";"Tripura"
608;"Khowai";"32";"Tripura"
609;"North Tripura";"32";"Tripura"
610;"Sepahijala";"32";"Tripura"
611;"South Tripura";"32";"Tripura"
612;"Unakoti";"32";"Tripura"
613;"West Tripura";"32";"Tripura"
614;"Almora";"33";"Uttarakhand"
615;"Bageshwar";"33";"Uttarakhand"
616;"Chamoli";"33";"Uttarakhand"
617;"Champawat";"33";"Uttarakhand"
618;"Dehradun";"33";"Uttarakhand"
619;"Haridwar";"33";"Uttarakhand"
620;"Nainital";"33";"Uttarakhand"
621;"Pauri Garhwal";"33";"Uttarakhand"
622;"Pithoragarh";"33";"Uttarakhand"
623;"Rudraprayag";"33";"Uttarakhand"
624;"Tehri Garhwal";"33";"Uttarakhand"
625;"Udham Singh Nagar";"33";"Uttarakhand"
626;"Uttarkashi";"33";"Uttarakhand"
627;"Agra";"34";"Uttar Pradesh"
628;"Aligarh";"34";"Uttar Pradesh"
629;"Allahabad";"34";"Uttar Pradesh"
630;"Ambedkar Nagar";"34";"Uttar Pradesh"
631;"Amethi (Chatrapati Sahuji Mahraj Nagar)";"34";"Uttar Pradesh"
632;"Amroha (J.P. Nagar)";"34";"Uttar Pradesh"
633;"Auraiya";"34";"Uttar Pradesh"
634;"Azamgarh";"34";"Uttar Pradesh"
635;"Baghpat";"34";"Uttar Pradesh"
636;"Bahraich";"34";"Uttar Pradesh"
637;"Ballia";"34";"Uttar Pradesh"
638;"Balrampur";"34";"Uttar Pradesh"
639;"Banda";"34";"Uttar Pradesh"
640;"Barabanki";"34";"Uttar Pradesh"
641;"Bareilly";"34";"Uttar Pradesh"
642;"Basti";"34";"Uttar Pradesh"
643;"Bhadohi";"34";"Uttar Pradesh"
644;"Bijnor";"34";"Uttar Pradesh"
645;"Budaun";"34";"Uttar Pradesh"
646;"Bulandshahr";"34";"Uttar Pradesh"
647;"Chandauli";"34";"Uttar Pradesh"
648;"Chitrakoot";"34";"Uttar Pradesh"
649;"Deoria";"34";"Uttar Pradesh"
650;"Etah";"34";"Uttar Pradesh"
651;"Etawah";"34";"Uttar Pradesh"
652;"Faizabad";"34";"Uttar Pradesh"
653;"Farrukhabad";"34";"Uttar Pradesh"
654;"Fatehpur";"34";"Uttar Pradesh"
655;"Firozabad";"34";"Uttar Pradesh"
656;"Gautam Buddha Nagar";"34";"Uttar Pradesh"
657;"Ghaziabad";"34";"Uttar Pradesh"
658;"Ghazipur";"34";"Uttar Pradesh"
659;"Gonda";"34";"Uttar Pradesh"
660;"Gorakhpur";"34";"Uttar Pradesh"
661;"Hamirpur";"34";"Uttar Pradesh"
662;"Hapur (Panchsheel Nagar)";"34";"Uttar Pradesh"
663;"Hardoi";"34";"Uttar Pradesh"
664;"Hathras";"34";"Uttar Pradesh"
665;"Jalaun";"34";"Uttar Pradesh"
666;"Jaunpur";"34";"Uttar Pradesh"
667;"Jhansi";"34";"Uttar Pradesh"
668;"Kannauj";"34";"Uttar Pradesh"
669;"Kanpur Dehat";"34";"Uttar Pradesh"
670;"Kanpur Nagar";"34";"Uttar Pradesh"
671;"Kanshiram Nagar (Kasganj)";"34";"Uttar Pradesh"
672;"Kaushambi";"34";"Uttar Pradesh"
673;"Kushinagar (Padrauna)";"34";"Uttar Pradesh"
674;"Lakhimpur - Kheri";"34";"Uttar Pradesh"
675;"Lalitpur";"34";"Uttar Pradesh"
676;"Lucknow";"34";"Uttar Pradesh"
677;"Maharajganj";"34";"Uttar Pradesh"
678;"Mahoba";"34";"Uttar Pradesh"
679;"Mainpuri";"34";"Uttar Pradesh"
680;"Mathura";"34";"Uttar Pradesh"
681;"Mau";"34";"Uttar Pradesh"
682;"Meerut";"34";"Uttar Pradesh"
683;"Mirzapur";"34";"Uttar Pradesh"
684;"Moradabad";"34";"Uttar Pradesh"
685;"Muzaffarnagar";"34";"Uttar Pradesh"
686;"Pilibhit";"34";"Uttar Pradesh"
687;"Pratapgarh";"34";"Uttar Pradesh"
688;"RaeBareli";"34";"Uttar Pradesh"
689;"Rampur";"34";"Uttar Pradesh"
690;"Saharanpur";"34";"Uttar Pradesh"
691;"Sambhal (Bhim Nagar)";"34";"Uttar Pradesh"
692;"Sant Kabir Nagar";"34";"Uttar Pradesh"
693;"Shahjahanpur";"34";"Uttar Pradesh"
694;"Shamali (Prabuddh Nagar)";"34";"Uttar Pradesh"
695;"Shravasti";"34";"Uttar Pradesh"
696;"Siddharth Nagar";"34";"Uttar Pradesh"
697;"Sitapur";"34";"Uttar Pradesh"
698;"Sonbhadra";"34";"Uttar Pradesh"
699;"Sultanpur";"34";"Uttar Pradesh"
700;"Unnao";"34";"Uttar Pradesh"
701;"Varanasi";"34";"Uttar Pradesh"
702;"Alipurduar";"35";"West Bengal"
703;"Bankura";"35";"West Bengal"
704;"Birbhum";"35";"West Bengal"
705;"Burdwan (Bardhaman)";"35";"West Bengal"
706;"Cooch Behar";"35";"West Bengal"
707;"Dakshin Dinajpur (South Dinajpur)";"35";"West Bengal"
708;"Darjeeling";"35";"West Bengal"
709;"Hooghly";"35";"West Bengal"
710;"Howrah";"35";"West Bengal"
711;"Jalpaiguri";"35";"West Bengal"
712;"Kalimpong";"35";"West Bengal"
713;"Kolkata";"35";"West Bengal"
714;"Malda";"35";"West Bengal"
715;"Murshidabad";"35";"West Bengal"
716;"Nadia";"35";"West Bengal"
717;"North 24 Parganas";"35";"West Bengal"
718;"Paschim Medinipur (West Medinipur)";"35";"West Bengal"
719;"Purba Medinipur (East Medinipur)";"35";"West Bengal"
720;"Purulia";"35";"West Bengal"
721;"South 24 Parganas";"35";"West Bengal"
722;"Uttar Dinajpur (North Dinajpur)";"35";"West Bengal"
